timestamp,iteration,event,marker_detected,selected_point,robot_x,robot_y,robot_z,robot_rx,robot_ry,robot_rz,marker_base_x,marker_base_y,marker_base_z,marker_base_rx,marker_base_ry,marker_base_rz,,,,,,,,,,,,,,,,,,,,,,,,,,,,,,,,,,,,
2026-04-30 10:32:32,1,marker_update,1,P1,296.998931884766,-17.6793727874756,355.000396728516,177.760040283203,0.279849767684936,88.6802291870117,367.500032357938,-5.86134395903667,82.4890208206535,-2.31431996052706,-3.16383983937564,-84.2413467057389,307.84651429718,-19.8761405179192,82.4890208206535,176.833582669975,2.31079054732166,5.63085351882447,307.84651429718,-19.8761405179192,23,176.833582669975,2.31079054732166,5.63085351882447,300.332609831826,54.6316241925605,82.4890208206535,176.833582669975,2.31079054732166,5.63085351882447,300.332609831826,54.6316241925605,23,176.833582669975,2.31079054732166,5.63085351882447,361.883082396084,61.703480464757,82.4890208206535,176.833582669975,2.31079054732166,5.63085351882447,361.883082396084,61.703480464757,23,176.833582669975,2.31079054732166,5.63085351882447
2026-04-30 10:32:32,2,marker_update,1,P1,296.998931884766,-17.6793727874756,355.000396728516,177.760040283203,0.279849767684936,88.6802291870117,367.500032357938,-5.86134395903667,82.4890208206535,-2.31431996052706,-3.16383983937564,-84.2413467057389,307.84651429718,-19.8761405179192,82.4890208206535,176.833582669975,2.31079054732166,5.63085351882447,307.84651429718,-19.8761405179192,23,176.833582669975,2.31079054732166,5.63085351882447,300.332609831826,54.6316241925605,82.4890208206535,176.833582669975,2.31079054732166,5.63085351882447,300.332609831826,54.6316241925605,23,176.833582669975,2.31079054732166,5.63085351882447,361.883082396084,61.703480464757,82.4890208206535,176.833582669975,2.31079054732166,5.63085351882447,361.883082396084,61.703480464757,23,176.833582669975,2.31079054732166,5.63085351882447
2026-04-30 10:32:33,3,marker_update,1,P1,296.998931884766,-17.6793727874756,355.000396728516,177.760040283203,0.279849767684936,88.6802291870117,367.491696242218,-5.8401550121181,82.4354598501117,-2.22705587673235,-3.09560998127036,-84.2491417780903,307.861407324501,-19.8287966366237,82.4354598501117,176.902054624342,2.22380454714837,5.63053164479192,307.861407324501,-19.8287966366237,23,176.902054624342,2.22380454714837,5.63053164479192,300.357151077361,54.6848412967299,82.4354598501117,176.902054624342,2.22380454714837,5.63053164479192,300.357151077361,54.6848412967299,23,176.902054624342,2.22380454714837,5.63053164479192,361.911492303236,61.7567948976163,82.4354598501117,176.902054624342,2.22380454714837,5.63053164479192,361.911492303236,61.7567948976163,23,176.902054624342,2.22380454714837,5.63053164479192
2026-04-30 10:32:47,15,loop_iteration,0,P1,307.856231689453,-19.829553604126,23.0003356933594,176.901733398438,2.22362804412842,5.6321816444397,,,,,,,307.861407324501,-19.8287966366237,82.4354598501117,176.902054624342,2.22380454714837,5.63053164479192,307.861407324501,-19.8287966366237,23,176.902054624342,2.22380454714837,5.63053164479192,300.357151077361,54.6848412967299,82.4354598501117,176.902054624342,2.22380454714837,5.63053164479192,300.357151077361,54.6848412967299,23,176.902054624342,2.22380454714837,5.63053164479192,361.911492303236,61.7567948976163,82.4354598501117,176.902054624342,2.22380454714837,5.63053164479192,361.911492303236,61.7567948976163,23,176.902054624342,2.22380454714837,5.63053164479192
2026-04-30 10:32:52,16,loop_iteration,0,P1,307.858734130859,-19.828498840332,23.0027770996094,176.901824951172,2.22325611114502,5.63163423538208,,,,,,,307.861407324501,-19.8287966366237,82.4354598501117,176.902054624342,2.22380454714837,5.63053164479192,307.861407324501,-19.8287966366237,23,176.902054624342,2.22380454714837,5.63053164479192,300.357151077361,54.6848412967299,82.4354598501117,176.902054624342,2.22380454714837,5.63053164479192,300.357151077361,54.6848412967299,23,176.902054624342,2.22380454714837,5.63053164479192,361.911492303236,61.7567948976163,82.4354598501117,176.902054624342,2.22380454714837,5.63053164479192,361.911492303236,61.7567948976163,23,176.902054624342,2.22380454714837,5.63053164479192
2026-04-30 10:32:52,34,loop_iteration,0,P2,307.861022949219,-19.8235759735107,23.0007019042969,176.902297973633,2.22358274459839,5.63162612915039,,,,,,,307.861407324501,-19.8287966366237,82.4354598501117,176.902054624342,2.22380454714837,5.63053164479192,307.861407324501,-19.8287966366237,23,176.902054624342,2.22380454714837,5.63053164479192,300.357151077361,54.6848412967299,82.4354598501117,176.902054624342,2.22380454714837,5.63053164479192,300.357151077361,54.6848412967299,23,176.902054624342,2.22380454714837,5.63053164479192,361.911492303236,61.7567948976163,82.4354598501117,176.902054624342,2.22380454714837,5.63053164479192,361.911492303236,61.7567948976163,23,176.902054624342,2.22380454714837,5.63053164479192
2026-04-30 10:32:53,35,loop_iteration,0,P2,307.861022949219,-19.8235759735107,23.0007019042969,176.902297973633,2.22358274459839,5.63162612915039,,,,,,,307.861407324501,-19.8287966366237,82.4354598501117,176.902054624342,2.22380454714837,5.63053164479192,307.861407324501,-19.8287966366237,23,176.902054624342,2.22380454714837,5.63053164479192,300.357151077361,54.6848412967299,82.4354598501117,176.902054624342,2.22380454714837,5.63053164479192,300.357151077361,54.6848412967299,23,176.902054624342,2.22380454714837,5.63053164479192,361.911492303236,61.7567948976163,82.4354598501117,176.902054624342,2.22380454714837,5.63053164479192,361.911492303236,61.7567948976163,23,176.902054624342,2.22380454714837,5.63053164479192
2026-04-30 10:32:53,36,loop_iteration,0,P2,307.861022949219,-19.8235759735107,23.0007019042969,176.902297973633,2.22358274459839,5.63162612915039,,,,,,,307.861407324501,-19.8287966366237,82.4354598501117,176.902054624342,2.22380454714837,5.63053164479192,307.861407324501,-19.8287966366237,23,176.902054624342,2.22380454714837,5.63053164479192,300.357151077361,54.6848412967299,82.4354598501117,176.902054624342,2.22380454714837,5.63053164479192,300.357151077361,54.6848412967299,23,176.902054624342,2.22380454714837,5.63053164479192,361.911492303236,61.7567948976163,82.4354598501117,176.902054624342,2.22380454714837,5.63053164479192,361.911492303236,61.7567948976163,23,176.902054624342,2.22380454714837,5.63053164479192
2026-04-30 10:32:53,37,loop_iteration,0,P2,307.861022949219,-19.8235759735107,23.0007019042969,176.902297973633,2.22358274459839,5.63162612915039,,,,,,,307.861407324501,-19.8287966366237,82.4354598501117,176.902054624342,2.22380454714837,5.63053164479192,307.861407324501,-19.8287966366237,23,176.902054624342,2.22380454714837,5.63053164479192,300.357151077361,54.6848412967299,82.4354598501117,176.902054624342,2.22380454714837,5.63053164479192,300.357151077361,54.6848412967299,23,176.902054624342,2.22380454714837,5.63053164479192,361.911492303236,61.7567948976163,82.4354598501117,176.902054624342,2.22380454714837,5.63053164479192,361.911492303236,61.7567948976163,23,176.902054624342,2.22380454714837,5.63053164479192
2026-04-30 10:32:54,38,loop_iteration,0,P2,,,,,,,,,,,,,307.861407324501,-19.8287966366237,82.4354598501117,176.902054624342,2.22380454714837,5.63053164479192,307.861407324501,-19.8287966366237,23,176.902054624342,2.22380454714837,5.63053164479192,300.357151077361,54.6848412967299,82.4354598501117,176.902054624342,2.22380454714837,5.63053164479192,300.357151077361,54.6848412967299,23,176.902054624342,2.22380454714837,5.63053164479192,361.911492303236,61.7567948976163,82.4354598501117,176.902054624342,2.22380454714837,5.63053164479192,361.911492303236,61.7567948976163,23,176.902054624342,2.22380454714837,5.63053164479192
2026-04-30 10:32:54,39,loop_iteration,0,P2,,,,,,,,,,,,,307.861407324501,-19.8287966366237,82.4354598501117,176.902054624342,2.22380454714837,5.63053164479192,307.861407324501,-19.8287966366237,23,176.902054624342,2.22380454714837,5.63053164479192,300.357151077361,54.6848412967299,82.4354598501117,176.902054624342,2.22380454714837,5.63053164479192,300.357151077361,54.6848412967299,23,176.902054624342,2.22380454714837,5.63053164479192,361.911492303236,61.7567948976163,82.4354598501117,176.902054624342,2.22380454714837,5.63053164479192,361.911492303236,61.7567948976163,23,176.902054624342,2.22380454714837,5.63053164479192
2026-04-30 10:32:54,40,loop_iteration,0,P2,,,,,,,,,,,,,307.861407324501,-19.8287966366237,82.4354598501117,176.902054624342,2.22380454714837,5.63053164479192,307.861407324501,-19.8287966366237,23,176.902054624342,2.22380454714837,5.63053164479192,300.357151077361,54.6848412967299,82.4354598501117,176.902054624342,2.22380454714837,5.63053164479192,300.357151077361,54.6848412967299,23,176.902054624342,2.22380454714837,5.63053164479192,361.911492303236,61.7567948976163,82.4354598501117,176.902054624342,2.22380454714837,5.63053164479192,361.911492303236,61.7567948976163,23,176.902054624342,2.22380454714837,5.63053164479192
2026-04-30 10:33:02,41,loop_iteration,0,P2,300.358123779297,54.6963043212891,23.0017700195312,176.902389526367,2.22401809692383,5.6316990852356,,,,,,,307.861407324501,-19.8287966366237,82.4354598501117,176.902054624342,2.22380454714837,5.63053164479192,307.861407324501,-19.8287966366237,23,176.902054624342,2.22380454714837,5.63053164479192,300.357151077361,54.6848412967299,82.4354598501117,176.902054624342,2.22380454714837,5.63053164479192,300.357151077361,54.6848412967299,23,176.902054624342,2.22380454714837,5.63053164479192,361.911492303236,61.7567948976163,82.4354598501117,176.902054624342,2.22380454714837,5.63053164479192,361.911492303236,61.7567948976163,23,176.902054624342,2.22380454714837,5.63053164479192
2026-04-30 10:33:07,42,loop_iteration,0,P2,300.358123779297,54.6963043212891,23.0017700195312,176.902389526367,2.22401809692383,5.6316990852356,,,,,,,307.861407324501,-19.8287966366237,82.4354598501117,176.902054624342,2.22380454714837,5.63053164479192,307.861407324501,-19.8287966366237,23,176.902054624342,2.22380454714837,5.63053164479192,300.357151077361,54.6848412967299,82.4354598501117,176.902054624342,2.22380454714837,5.63053164479192,300.357151077361,54.6848412967299,23,176.902054624342,2.22380454714837,5.63053164479192,361.911492303236,61.7567948976163,82.4354598501117,176.902054624342,2.22380454714837,5.63053164479192,361.911492303236,61.7567948976163,23,176.902054624342,2.22380454714837,5.63053164479192
2026-04-30 10:33:08,57,loop_iteration,0,P3,300.358245849609,54.6854820251465,23.0005187988281,176.901916503906,2.22373151779175,5.63064098358154,,,,,,,307.861407324501,-19.8287966366237,82.4354598501117,176.902054624342,2.22380454714837,5.63053164479192,307.861407324501,-19.8287966366237,23,176.902054624342,2.22380454714837,5.63053164479192,300.357151077361,54.6848412967299,82.4354598501117,176.902054624342,2.22380454714837,5.63053164479192,300.357151077361,54.6848412967299,23,176.902054624342,2.22380454714837,5.63053164479192,361.911492303236,61.7567948976163,82.4354598501117,176.902054624342,2.22380454714837,5.63053164479192,361.911492303236,61.7567948976163,23,176.902054624342,2.22380454714837,5.63053164479192
2026-04-30 10:33:08,63,loop_iteration,0,P3,300.358612060547,54.6836242675781,23.0005187988281,176.901916503906,2.22373127937317,5.63028526306152,,,,,,,307.861407324501,-19.8287966366237,82.4354598501117,176.902054624342,2.22380454714837,5.63053164479192,307.861407324501,-19.8287966366237,23,176.902054624342,2.22380454714837,5.63053164479192,300.357151077361,54.6848412967299,82.4354598501117,176.902054624342,2.22380454714837,5.63053164479192,300.357151077361,54.6848412967299,23,176.902054624342,2.22380454714837,5.63053164479192,361.911492303236,61.7567948976163,82.4354598501117,176.902054624342,2.22380454714837,5.63053164479192,361.911492303236,61.7567948976163,23,176.902054624342,2.22380454714837,5.63053164479192
2026-04-30 10:33:08,64,loop_iteration,0,P3,300.358612060547,54.6836242675781,23.0005187988281,176.901916503906,2.22373127937317,5.63028526306152,,,,,,,307.861407324501,-19.8287966366237,82.4354598501117,176.902054624342,2.22380454714837,5.63053164479192,307.861407324501,-19.8287966366237,23,176.902054624342,2.22380454714837,5.63053164479192,300.357151077361,54.6848412967299,82.4354598501117,176.902054624342,2.22380454714837,5.63053164479192,300.357151077361,54.6848412967299,23,176.902054624342,2.22380454714837,5.63053164479192,361.911492303236,61.7567948976163,82.4354598501117,176.902054624342,2.22380454714837,5.63053164479192,361.911492303236,61.7567948976163,23,176.902054624342,2.22380454714837,5.63053164479192
2026-04-30 10:33:09,65,loop_iteration,0,P3,300.358612060547,54.6836242675781,23.0005187988281,176.901916503906,2.22373127937317,5.63028526306152,,,,,,,307.861407324501,-19.8287966366237,82.4354598501117,176.902054624342,2.22380454714837,5.63053164479192,307.861407324501,-19.8287966366237,23,176.902054624342,2.22380454714837,5.63053164479192,300.357151077361,54.6848412967299,82.4354598501117,176.902054624342,2.22380454714837,5.63053164479192,300.357151077361,54.6848412967299,23,176.902054624342,2.22380454714837,5.63053164479192,361.911492303236,61.7567948976163,82.4354598501117,176.902054624342,2.22380454714837,5.63053164479192,361.911492303236,61.7567948976163,23,176.902054624342,2.22380454714837,5.63053164479192
2026-04-30 10:33:09,66,loop_iteration,0,P3,,,,,,,,,,,,,307.861407324501,-19.8287966366237,82.4354598501117,176.902054624342,2.22380454714837,5.63053164479192,307.861407324501,-19.8287966366237,23,176.902054624342,2.22380454714837,5.63053164479192,300.357151077361,54.6848412967299,82.4354598501117,176.902054624342,2.22380454714837,5.63053164479192,300.357151077361,54.6848412967299,23,176.902054624342,2.22380454714837,5.63053164479192,361.911492303236,61.7567948976163,82.4354598501117,176.902054624342,2.22380454714837,5.63053164479192,361.911492303236,61.7567948976163,23,176.902054624342,2.22380454714837,5.63053164479192
2026-04-30 10:33:09,67,loop_iteration,0,P3,,,,,,,,,,,,,307.861407324501,-19.8287966366237,82.4354598501117,176.902054624342,2.22380454714837,5.63053164479192,307.861407324501,-19.8287966366237,23,176.902054624342,2.22380454714837,5.63053164479192,300.357151077361,54.6848412967299,82.4354598501117,176.902054624342,2.22380454714837,5.63053164479192,300.357151077361,54.6848412967299,23,176.902054624342,2.22380454714837,5.63053164479192,361.911492303236,61.7567948976163,82.4354598501117,176.902054624342,2.22380454714837,5.63053164479192,361.911492303236,61.7567948976163,23,176.902054624342,2.22380454714837,5.63053164479192
2026-04-30 10:33:10,68,loop_iteration,0,P3,,,,,,,,,,,,,307.861407324501,-19.8287966366237,82.4354598501117,176.902054624342,2.22380454714837,5.63053164479192,307.861407324501,-19.8287966366237,23,176.902054624342,2.22380454714837,5.63053164479192,300.357151077361,54.6848412967299,82.4354598501117,176.902054624342,2.22380454714837,5.63053164479192,300.357151077361,54.6848412967299,23,176.902054624342,2.22380454714837,5.63053164479192,361.911492303236,61.7567948976163,82.4354598501117,176.902054624342,2.22380454714837,5.63053164479192,361.911492303236,61.7567948976163,23,176.902054624342,2.22380454714837,5.63053164479192
2026-04-30 10:33:19,69,loop_iteration,0,P3,361.922790527344,61.7509078979492,23.0148315429687,176.902740478516,2.22104215621948,5.62973737716675,,,,,,,307.861407324501,-19.8287966366237,82.4354598501117,176.902054624342,2.22380454714837,5.63053164479192,307.861407324501,-19.8287966366237,23,176.902054624342,2.22380454714837,5.63053164479192,300.357151077361,54.6848412967299,82.4354598501117,176.902054624342,2.22380454714837,5.63053164479192,300.357151077361,54.6848412967299,23,176.902054624342,2.22380454714837,5.63053164479192,361.911492303236,61.7567948976163,82.4354598501117,176.902054624342,2.22380454714837,5.63053164479192,361.911492303236,61.7567948976163,23,176.902054624342,2.22380454714837,5.63053164479192
2026-04-30 10:33:24,70,loop_iteration,0,P3,361.922576904297,61.7507171630859,23.0086975097656,176.902267456055,2.22201061248779,5.62971115112305,,,,,,,307.861407324501,-19.8287966366237,82.4354598501117,176.902054624342,2.22380454714837,5.63053164479192,307.861407324501,-19.8287966366237,23,176.902054624342,2.22380454714837,5.63053164479192,300.357151077361,54.6848412967299,82.4354598501117,176.902054624342,2.22380454714837,5.63053164479192,300.357151077361,54.6848412967299,23,176.902054624342,2.22380454714837,5.63053164479192,361.911492303236,61.7567948976163,82.4354598501117,176.902054624342,2.22380454714837,5.63053164479192,361.911492303236,61.7567948976163,23,176.902054624342,2.22380454714837,5.63053164479192
2026-04-30 10:33:40,71,marker_update,1,P3,297.004699707031,-17.6803169250488,354.998291015625,177.760406494141,0.279415488243103,88.678825378418,367.486678094947,-5.83013093466989,82.4070807646077,-2.39010953806548,-2.98306617623891,-84.2407160828907,307.804402493837,-19.7898787049715,82.4070807646077,177.014341124734,2.38686896573645,5.63482868186201,307.804402493837,-19.7898787049715,23,177.014341124734,2.38686896573645,5.63482868186201,300.28840480176,54.7304265589713,82.4070807646077,177.014341124734,2.38686896573645,5.63482868186201,300.28840480176,54.7304265589713,23,177.014341124734,2.38686896573645,5.63482868186201,361.835069949247,61.8063960467985,82.4070807646077,177.014341124734,2.38686896573645,5.63482868186201,361.835069949247,61.8063960467985,23,177.014341124734,2.38686896573645,5.63482868186201
2026-04-30 10:33:45,72,marker_update,1,P3,297.004180908203,-17.6805248260498,355.001892089844,177.759765625,0.279133796691895,88.678825378418,367.480505753738,-5.82038397267783,82.4932635768744,-2.33294038577728,-3.33453492450578,-84.2368116893898,307.827433200663,-19.8901249172053,82.4932635768744,176.662705228035,2.32898839587396,5.62741626095109,307.827433200663,-19.8901249172053,23,176.662705228035,2.32898839587396,5.62741626095109,300.308903102298,54.6044446086502,82.4932635768744,176.662705228035,2.32898839587396,5.62741626095109,300.308903102298,54.6044446086502,23,176.662705228035,2.32898839587396,5.62741626095109,361.858885271189,61.672348257369,82.4932635768744,176.662705228035,2.32898839587396,5.62741626095109,361.858885271189,61.672348257369,23,176.662705228035,2.32898839587396,5.62741626095109
2026-04-30 10:57:56,1,marker_update,1,P1,296.998931884766,-17.6793727874756,355.000396728516,177.760040283203,0.279849767684936,88.6802291870117,367.473184335756,-5.80751275642649,82.5694203703598,-2.21843791150737,-3.16577176775764,-84.2438564732376,307.848997152416,-19.8229010675247,82.5694203703598,176.831858577904,2.21505073884643,5.63356915161724,307.848997152416,-19.8229010675247,23,176.831858577904,2.21505073884643,5.63356915161724,300.3383704132,54.6850537969435,82.5694203703598,176.831858577904,2.21505073884643,5.63356915161724,300.3383704132,54.6850537969435,23,176.831858577904,2.21505073884643,5.63356915161724,361.892669434662,61.7602362029544,82.5694203703598,176.831858577904,2.21505073884643,5.63356915161724,361.892669434662,61.7602362029544,23,176.831858577904,2.21505073884643,5.63356915161724
2026-04-30 10:57:56,2,marker_update,1,P1,296.998931884766,-17.6793727874756,355.000396728516,177.760040283203,0.279849767684936,88.6802291870117,367.473184335756,-5.80751275642649,82.5694203703598,-2.21843791150737,-3.16577176775764,-84.2438564732376,307.848997152416,-19.8229010675247,82.5694203703598,176.831858577904,2.21505073884643,5.63356915161724,307.848997152416,-19.8229010675247,23,176.831858577904,2.21505073884643,5.63356915161724,300.3383704132,54.6850537969435,82.5694203703598,176.831858577904,2.21505073884643,5.63356915161724,300.3383704132,54.6850537969435,23,176.831858577904,2.21505073884643,5.63356915161724,361.892669434662,61.7602362029544,82.5694203703598,176.831858577904,2.21505073884643,5.63356915161724,361.892669434662,61.7602362029544,23,176.831858577904,2.21505073884643,5.63356915161724
2026-04-30 10:57:57,3,marker_update,1,P1,296.998931884766,-17.6793727874756,355.000396728516,177.760040283203,0.279849767684936,88.6802291870117,367.476702552247,-5.82559523631803,82.5395015778557,-2.48339908906617,-2.90117886983427,-84.2496969746067,307.761050796357,-19.749532860556,82.5395015778557,177.096098499501,2.48021416534954,5.62453096434239,307.761050796357,-19.749532860556,23,177.096098499501,2.48021416534954,5.62453096434239,300.256182725417,54.7774236764668,82.5395015778557,177.096098499501,2.48021416534954,5.62453096434239,300.256182725417,54.7774236764668,23,177.096098499501,2.48021416534954,5.62453096434239,361.79982019269,61.8419816618636,82.5395015778557,177.096098499501,2.48021416534954,5.62453096434239,361.79982019269,61.8419816618636,23,177.096098499501,2.48021416534954,5.62453096434239
2026-04-30 10:58:15,22,loop_iteration,0,P1,307.767425537109,-19.7450733184814,23.0069580078125,177.096130371094,2.4784836769104,5.62492847442627,,,,,,,307.761050796357,-19.749532860556,82.5395015778557,177.096098499501,2.48021416534954,5.62453096434239,307.761050796357,-19.749532860556,23,177.096098499501,2.48021416534954,5.62453096434239,300.256182725417,54.7774236764668,82.5395015778557,177.096098499501,2.48021416534954,5.62453096434239,300.256182725417,54.7774236764668,23,177.096098499501,2.48021416534954,5.62453096434239,361.79982019269,61.8419816618636,82.5395015778557,177.096098499501,2.48021416534954,5.62453096434239,361.79982019269,61.8419816618636,23,177.096098499501,2.48021416534954,5.62453096434239
2026-04-30 10:58:21,23,loop_iteration,0,P1,307.761657714844,-19.7474613189697,23.0038146972656,177.095886230469,2.47936654090881,5.6254677772522,,,,,,,307.761050796357,-19.749532860556,82.5395015778557,177.096098499501,2.48021416534954,5.62453096434239,307.761050796357,-19.749532860556,23,177.096098499501,2.48021416534954,5.62453096434239,300.256182725417,54.7774236764668,82.5395015778557,177.096098499501,2.48021416534954,5.62453096434239,300.256182725417,54.7774236764668,23,177.096098499501,2.48021416534954,5.62453096434239,361.79982019269,61.8419816618636,82.5395015778557,177.096098499501,2.48021416534954,5.62453096434239,361.79982019269,61.8419816618636,23,177.096098499501,2.48021416534954,5.62453096434239
2026-04-30 10:58:21,24,loop_iteration,0,P2,307.76025390625,-19.744047164917,23.003662109375,177.096420288086,2.47952842712402,5.62545776367188,,,,,,,307.761050796357,-19.749532860556,82.5395015778557,177.096098499501,2.48021416534954,5.62453096434239,307.761050796357,-19.749532860556,23,177.096098499501,2.48021416534954,5.62453096434239,300.256182725417,54.7774236764668,82.5395015778557,177.096098499501,2.48021416534954,5.62453096434239,300.256182725417,54.7774236764668,23,177.096098499501,2.48021416534954,5.62453096434239,361.79982019269,61.8419816618636,82.5395015778557,177.096098499501,2.48021416534954,5.62453096434239,361.79982019269,61.8419816618636,23,177.096098499501,2.48021416534954,5.62453096434239
2026-04-30 10:58:21,25,loop_iteration,0,P2,307.757690429687,-19.7451267242432,23.0011291503906,177.096313476563,2.47988176345825,5.62544870376587,,,,,,,307.761050796357,-19.749532860556,82.5395015778557,177.096098499501,2.48021416534954,5.62453096434239,307.761050796357,-19.749532860556,23,177.096098499501,2.48021416534954,5.62453096434239,300.256182725417,54.7774236764668,82.5395015778557,177.096098499501,2.48021416534954,5.62453096434239,300.256182725417,54.7774236764668,23,177.096098499501,2.48021416534954,5.62453096434239,361.79982019269,61.8419816618636,82.5395015778557,177.096098499501,2.48021416534954,5.62453096434239,361.79982019269,61.8419816618636,23,177.096098499501,2.48021416534954,5.62453096434239
2026-04-30 10:58:21,26,loop_iteration,0,P2,307.757690429687,-19.7451267242432,23.0011291503906,177.096313476563,2.47988176345825,5.62544870376587,,,,,,,307.761050796357,-19.749532860556,82.5395015778557,177.096098499501,2.48021416534954,5.62453096434239,307.761050796357,-19.749532860556,23,177.096098499501,2.48021416534954,5.62453096434239,300.256182725417,54.7774236764668,82.5395015778557,177.096098499501,2.48021416534954,5.62453096434239,300.256182725417,54.7774236764668,23,177.096098499501,2.48021416534954,5.62453096434239,361.79982019269,61.8419816618636,82.5395015778557,177.096098499501,2.48021416534954,5.62453096434239,361.79982019269,61.8419816618636,23,177.096098499501,2.48021416534954,5.62453096434239
2026-04-30 10:58:21,27,loop_iteration,0,P2,307.757690429687,-19.7451267242432,23.0011291503906,177.096313476563,2.47988176345825,5.62544870376587,,,,,,,307.761050796357,-19.749532860556,82.5395015778557,177.096098499501,2.48021416534954,5.62453096434239,307.761050796357,-19.749532860556,23,177.096098499501,2.48021416534954,5.62453096434239,300.256182725417,54.7774236764668,82.5395015778557,177.096098499501,2.48021416534954,5.62453096434239,300.256182725417,54.7774236764668,23,177.096098499501,2.48021416534954,5.62453096434239,361.79982019269,61.8419816618636,82.5395015778557,177.096098499501,2.48021416534954,5.62453096434239,361.79982019269,61.8419816618636,23,177.096098499501,2.48021416534954,5.62453096434239
2026-04-30 10:58:21,28,loop_iteration,0,P2,307.757690429687,-19.7451267242432,23.0011291503906,177.096313476563,2.47988176345825,5.62544870376587,,,,,,,307.761050796357,-19.749532860556,82.5395015778557,177.096098499501,2.48021416534954,5.62453096434239,307.761050796357,-19.749532860556,23,177.096098499501,2.48021416534954,5.62453096434239,300.256182725417,54.7774236764668,82.5395015778557,177.096098499501,2.48021416534954,5.62453096434239,300.256182725417,54.7774236764668,23,177.096098499501,2.48021416534954,5.62453096434239,361.79982019269,61.8419816618636,82.5395015778557,177.096098499501,2.48021416534954,5.62453096434239,361.79982019269,61.8419816618636,23,177.096098499501,2.48021416534954,5.62453096434239
2026-04-30 10:58:21,29,loop_iteration,0,P2,307.757690429687,-19.7451267242432,23.0011291503906,177.096313476563,2.47988176345825,5.62544870376587,,,,,,,307.761050796357,-19.749532860556,82.5395015778557,177.096098499501,2.48021416534954,5.62453096434239,307.761050796357,-19.749532860556,23,177.096098499501,2.48021416534954,5.62453096434239,300.256182725417,54.7774236764668,82.5395015778557,177.096098499501,2.48021416534954,5.62453096434239,300.256182725417,54.7774236764668,23,177.096098499501,2.48021416534954,5.62453096434239,361.79982019269,61.8419816618636,82.5395015778557,177.096098499501,2.48021416534954,5.62453096434239,361.79982019269,61.8419816618636,23,177.096098499501,2.48021416534954,5.62453096434239
2026-04-30 10:58:21,30,loop_iteration,0,P2,307.757690429687,-19.7451267242432,23.0011291503906,177.096313476563,2.47988176345825,5.62544870376587,,,,,,,307.761050796357,-19.749532860556,82.5395015778557,177.096098499501,2.48021416534954,5.62453096434239,307.761050796357,-19.749532860556,23,177.096098499501,2.48021416534954,5.62453096434239,300.256182725417,54.7774236764668,82.5395015778557,177.096098499501,2.48021416534954,5.62453096434239,300.256182725417,54.7774236764668,23,177.096098499501,2.48021416534954,5.62453096434239,361.79982019269,61.8419816618636,82.5395015778557,177.096098499501,2.48021416534954,5.62453096434239,361.79982019269,61.8419816618636,23,177.096098499501,2.48021416534954,5.62453096434239
2026-04-30 10:58:21,31,loop_iteration,0,P2,307.757598876953,-19.7470111846924,23.0011291503906,177.096313476563,2.47988152503967,5.62510013580322,,,,,,,307.761050796357,-19.749532860556,82.5395015778557,177.096098499501,2.48021416534954,5.62453096434239,307.761050796357,-19.749532860556,23,177.096098499501,2.48021416534954,5.62453096434239,300.256182725417,54.7774236764668,82.5395015778557,177.096098499501,2.48021416534954,5.62453096434239,300.256182725417,54.7774236764668,23,177.096098499501,2.48021416534954,5.62453096434239,361.79982019269,61.8419816618636,82.5395015778557,177.096098499501,2.48021416534954,5.62453096434239,361.79982019269,61.8419816618636,23,177.096098499501,2.48021416534954,5.62453096434239
2026-04-30 10:58:21,32,loop_iteration,0,P2,307.757598876953,-19.7470111846924,23.0011291503906,177.096313476563,2.47988152503967,5.62510013580322,,,,,,,307.761050796357,-19.749532860556,82.5395015778557,177.096098499501,2.48021416534954,5.62453096434239,307.761050796357,-19.749532860556,23,177.096098499501,2.48021416534954,5.62453096434239,300.256182725417,54.7774236764668,82.5395015778557,177.096098499501,2.48021416534954,5.62453096434239,300.256182725417,54.7774236764668,23,177.096098499501,2.48021416534954,5.62453096434239,361.79982019269,61.8419816618636,82.5395015778557,177.096098499501,2.48021416534954,5.62453096434239,361.79982019269,61.8419816618636,23,177.096098499501,2.48021416534954,5.62453096434239
2026-04-30 10:58:21,33,loop_iteration,0,P2,307.757598876953,-19.7470111846924,23.0011291503906,177.096313476563,2.47988152503967,5.62510013580322,,,,,,,307.761050796357,-19.749532860556,82.5395015778557,177.096098499501,2.48021416534954,5.62453096434239,307.761050796357,-19.749532860556,23,177.096098499501,2.48021416534954,5.62453096434239,300.256182725417,54.7774236764668,82.5395015778557,177.096098499501,2.48021416534954,5.62453096434239,300.256182725417,54.7774236764668,23,177.096098499501,2.48021416534954,5.62453096434239,361.79982019269,61.8419816618636,82.5395015778557,177.096098499501,2.48021416534954,5.62453096434239,361.79982019269,61.8419816618636,23,177.096098499501,2.48021416534954,5.62453096434239
2026-04-30 10:58:21,34,loop_iteration,0,P2,307.757598876953,-19.7470111846924,23.0011291503906,177.096313476563,2.47988152503967,5.62510013580322,,,,,,,307.761050796357,-19.749532860556,82.5395015778557,177.096098499501,2.48021416534954,5.62453096434239,307.761050796357,-19.749532860556,23,177.096098499501,2.48021416534954,5.62453096434239,300.256182725417,54.7774236764668,82.5395015778557,177.096098499501,2.48021416534954,5.62453096434239,300.256182725417,54.7774236764668,23,177.096098499501,2.48021416534954,5.62453096434239,361.79982019269,61.8419816618636,82.5395015778557,177.096098499501,2.48021416534954,5.62453096434239,361.79982019269,61.8419816618636,23,177.096098499501,2.48021416534954,5.62453096434239
2026-04-30 10:58:21,35,loop_iteration,0,P2,307.757598876953,-19.7470111846924,23.0011291503906,177.096313476563,2.47988152503967,5.62510013580322,,,,,,,307.761050796357,-19.749532860556,82.5395015778557,177.096098499501,2.48021416534954,5.62453096434239,307.761050796357,-19.749532860556,23,177.096098499501,2.48021416534954,5.62453096434239,300.256182725417,54.7774236764668,82.5395015778557,177.096098499501,2.48021416534954,5.62453096434239,300.256182725417,54.7774236764668,23,177.096098499501,2.48021416534954,5.62453096434239,361.79982019269,61.8419816618636,82.5395015778557,177.096098499501,2.48021416534954,5.62453096434239,361.79982019269,61.8419816618636,23,177.096098499501,2.48021416534954,5.62453096434239
2026-04-30 10:58:21,36,loop_iteration,0,P2,307.760162353516,-19.7459449768066,23.003662109375,177.096420288086,2.47952818870544,5.62510538101196,,,,,,,307.761050796357,-19.749532860556,82.5395015778557,177.096098499501,2.48021416534954,5.62453096434239,307.761050796357,-19.749532860556,23,177.096098499501,2.48021416534954,5.62453096434239,300.256182725417,54.7774236764668,82.5395015778557,177.096098499501,2.48021416534954,5.62453096434239,300.256182725417,54.7774236764668,23,177.096098499501,2.48021416534954,5.62453096434239,361.79982019269,61.8419816618636,82.5395015778557,177.096098499501,2.48021416534954,5.62453096434239,361.79982019269,61.8419816618636,23,177.096098499501,2.48021416534954,5.62453096434239
2026-04-30 10:58:21,37,loop_iteration,0,P2,307.760162353516,-19.7459449768066,23.003662109375,177.096420288086,2.47952818870544,5.62510538101196,,,,,,,307.761050796357,-19.749532860556,82.5395015778557,177.096098499501,2.48021416534954,5.62453096434239,307.761050796357,-19.749532860556,23,177.096098499501,2.48021416534954,5.62453096434239,300.256182725417,54.7774236764668,82.5395015778557,177.096098499501,2.48021416534954,5.62453096434239,300.256182725417,54.7774236764668,23,177.096098499501,2.48021416534954,5.62453096434239,361.79982019269,61.8419816618636,82.5395015778557,177.096098499501,2.48021416534954,5.62453096434239,361.79982019269,61.8419816618636,23,177.096098499501,2.48021416534954,5.62453096434239
2026-04-30 10:58:21,38,loop_iteration,0,P2,307.760040283203,-19.7478733062744,23.003662109375,177.096420288086,2.47952842712402,5.62474870681763,,,,,,,307.761050796357,-19.749532860556,82.5395015778557,177.096098499501,2.48021416534954,5.62453096434239,307.761050796357,-19.749532860556,23,177.096098499501,2.48021416534954,5.62453096434239,300.256182725417,54.7774236764668,82.5395015778557,177.096098499501,2.48021416534954,5.62453096434239,300.256182725417,54.7774236764668,23,177.096098499501,2.48021416534954,5.62453096434239,361.79982019269,61.8419816618636,82.5395015778557,177.096098499501,2.48021416534954,5.62453096434239,361.79982019269,61.8419816618636,23,177.096098499501,2.48021416534954,5.62453096434239
2026-04-30 10:58:21,39,loop_iteration,0,P2,307.760040283203,-19.7478733062744,23.003662109375,177.096420288086,2.47952842712402,5.62474870681763,,,,,,,307.761050796357,-19.749532860556,82.5395015778557,177.096098499501,2.48021416534954,5.62453096434239,307.761050796357,-19.749532860556,23,177.096098499501,2.48021416534954,5.62453096434239,300.256182725417,54.7774236764668,82.5395015778557,177.096098499501,2.48021416534954,5.62453096434239,300.256182725417,54.7774236764668,23,177.096098499501,2.48021416534954,5.62453096434239,361.79982019269,61.8419816618636,82.5395015778557,177.096098499501,2.48021416534954,5.62453096434239,361.79982019269,61.8419816618636,23,177.096098499501,2.48021416534954,5.62453096434239
2026-04-30 10:58:21,40,loop_iteration,0,P2,307.759368896484,-19.748161315918,23.001953125,177.096328735352,2.4798583984375,5.62474346160889,,,,,,,307.761050796357,-19.749532860556,82.5395015778557,177.096098499501,2.48021416534954,5.62453096434239,307.761050796357,-19.749532860556,23,177.096098499501,2.48021416534954,5.62453096434239,300.256182725417,54.7774236764668,82.5395015778557,177.096098499501,2.48021416534954,5.62453096434239,300.256182725417,54.7774236764668,23,177.096098499501,2.48021416534954,5.62453096434239,361.79982019269,61.8419816618636,82.5395015778557,177.096098499501,2.48021416534954,5.62453096434239,361.79982019269,61.8419816618636,23,177.096098499501,2.48021416534954,5.62453096434239
2026-04-30 10:58:21,41,loop_iteration,0,P2,307.759368896484,-19.748161315918,23.001953125,177.096328735352,2.4798583984375,5.62474346160889,,,,,,,307.761050796357,-19.749532860556,82.5395015778557,177.096098499501,2.48021416534954,5.62453096434239,307.761050796357,-19.749532860556,23,177.096098499501,2.48021416534954,5.62453096434239,300.256182725417,54.7774236764668,82.5395015778557,177.096098499501,2.48021416534954,5.62453096434239,300.256182725417,54.7774236764668,23,177.096098499501,2.48021416534954,5.62453096434239,361.79982019269,61.8419816618636,82.5395015778557,177.096098499501,2.48021416534954,5.62453096434239,361.79982019269,61.8419816618636,23,177.096098499501,2.48021416534954,5.62453096434239
2026-04-30 10:58:21,42,loop_iteration,0,P2,307.759368896484,-19.748161315918,23.001953125,177.096328735352,2.4798583984375,5.62474346160889,,,,,,,307.761050796357,-19.749532860556,82.5395015778557,177.096098499501,2.48021416534954,5.62453096434239,307.761050796357,-19.749532860556,23,177.096098499501,2.48021416534954,5.62453096434239,300.256182725417,54.7774236764668,82.5395015778557,177.096098499501,2.48021416534954,5.62453096434239,300.256182725417,54.7774236764668,23,177.096098499501,2.48021416534954,5.62453096434239,361.79982019269,61.8419816618636,82.5395015778557,177.096098499501,2.48021416534954,5.62453096434239,361.79982019269,61.8419816618636,23,177.096098499501,2.48021416534954,5.62453096434239
2026-04-30 10:58:21,43,loop_iteration,0,P2,307.759368896484,-19.748161315918,23.001953125,177.096328735352,2.4798583984375,5.62474346160889,,,,,,,307.761050796357,-19.749532860556,82.5395015778557,177.096098499501,2.48021416534954,5.62453096434239,307.761050796357,-19.749532860556,23,177.096098499501,2.48021416534954,5.62453096434239,300.256182725417,54.7774236764668,82.5395015778557,177.096098499501,2.48021416534954,5.62453096434239,300.256182725417,54.7774236764668,23,177.096098499501,2.48021416534954,5.62453096434239,361.79982019269,61.8419816618636,82.5395015778557,177.096098499501,2.48021416534954,5.62453096434239,361.79982019269,61.8419816618636,23,177.096098499501,2.48021416534954,5.62453096434239
2026-04-30 10:58:21,44,loop_iteration,0,P2,307.759368896484,-19.748161315918,23.001953125,177.096328735352,2.4798583984375,5.62474346160889,,,,,,,307.761050796357,-19.749532860556,82.5395015778557,177.096098499501,2.48021416534954,5.62453096434239,307.761050796357,-19.749532860556,23,177.096098499501,2.48021416534954,5.62453096434239,300.256182725417,54.7774236764668,82.5395015778557,177.096098499501,2.48021416534954,5.62453096434239,300.256182725417,54.7774236764668,23,177.096098499501,2.48021416534954,5.62453096434239,361.79982019269,61.8419816618636,82.5395015778557,177.096098499501,2.48021416534954,5.62453096434239,361.79982019269,61.8419816618636,23,177.096098499501,2.48021416534954,5.62453096434239
2026-04-30 10:58:21,45,loop_iteration,0,P2,307.759368896484,-19.748161315918,23.001953125,177.096328735352,2.4798583984375,5.62474346160889,,,,,,,307.761050796357,-19.749532860556,82.5395015778557,177.096098499501,2.48021416534954,5.62453096434239,307.761050796357,-19.749532860556,23,177.096098499501,2.48021416534954,5.62453096434239,300.256182725417,54.7774236764668,82.5395015778557,177.096098499501,2.48021416534954,5.62453096434239,300.256182725417,54.7774236764668,23,177.096098499501,2.48021416534954,5.62453096434239,361.79982019269,61.8419816618636,82.5395015778557,177.096098499501,2.48021416534954,5.62453096434239,361.79982019269,61.8419816618636,23,177.096098499501,2.48021416534954,5.62453096434239
2026-04-30 10:58:22,46,loop_iteration,0,P2,307.759368896484,-19.748161315918,23.001953125,177.096328735352,2.4798583984375,5.62474346160889,,,,,,,307.761050796357,-19.749532860556,82.5395015778557,177.096098499501,2.48021416534954,5.62453096434239,307.761050796357,-19.749532860556,23,177.096098499501,2.48021416534954,5.62453096434239,300.256182725417,54.7774236764668,82.5395015778557,177.096098499501,2.48021416534954,5.62453096434239,300.256182725417,54.7774236764668,23,177.096098499501,2.48021416534954,5.62453096434239,361.79982019269,61.8419816618636,82.5395015778557,177.096098499501,2.48021416534954,5.62453096434239,361.79982019269,61.8419816618636,23,177.096098499501,2.48021416534954,5.62453096434239
2026-04-30 10:58:22,47,loop_iteration,0,P2,,,,,,,,,,,,,307.761050796357,-19.749532860556,82.5395015778557,177.096098499501,2.48021416534954,5.62453096434239,307.761050796357,-19.749532860556,23,177.096098499501,2.48021416534954,5.62453096434239,300.256182725417,54.7774236764668,82.5395015778557,177.096098499501,2.48021416534954,5.62453096434239,300.256182725417,54.7774236764668,23,177.096098499501,2.48021416534954,5.62453096434239,361.79982019269,61.8419816618636,82.5395015778557,177.096098499501,2.48021416534954,5.62453096434239,361.79982019269,61.8419816618636,23,177.096098499501,2.48021416534954,5.62453096434239
2026-04-30 10:58:22,48,loop_iteration,0,P2,,,,,,,,,,,,,307.761050796357,-19.749532860556,82.5395015778557,177.096098499501,2.48021416534954,5.62453096434239,307.761050796357,-19.749532860556,23,177.096098499501,2.48021416534954,5.62453096434239,300.256182725417,54.7774236764668,82.5395015778557,177.096098499501,2.48021416534954,5.62453096434239,300.256182725417,54.7774236764668,23,177.096098499501,2.48021416534954,5.62453096434239,361.79982019269,61.8419816618636,82.5395015778557,177.096098499501,2.48021416534954,5.62453096434239,361.79982019269,61.8419816618636,23,177.096098499501,2.48021416534954,5.62453096434239
2026-04-30 10:58:23,49,loop_iteration,0,P2,,,,,,,,,,,,,307.761050796357,-19.749532860556,82.5395015778557,177.096098499501,2.48021416534954,5.62453096434239,307.761050796357,-19.749532860556,23,177.096098499501,2.48021416534954,5.62453096434239,300.256182725417,54.7774236764668,82.5395015778557,177.096098499501,2.48021416534954,5.62453096434239,300.256182725417,54.7774236764668,23,177.096098499501,2.48021416534954,5.62453096434239,361.79982019269,61.8419816618636,82.5395015778557,177.096098499501,2.48021416534954,5.62453096434239,361.79982019269,61.8419816618636,23,177.096098499501,2.48021416534954,5.62453096434239
2026-04-30 10:58:23,50,loop_iteration,0,P2,,,,,,,,,,,,,307.761050796357,-19.749532860556,82.5395015778557,177.096098499501,2.48021416534954,5.62453096434239,307.761050796357,-19.749532860556,23,177.096098499501,2.48021416534954,5.62453096434239,300.256182725417,54.7774236764668,82.5395015778557,177.096098499501,2.48021416534954,5.62453096434239,300.256182725417,54.7774236764668,23,177.096098499501,2.48021416534954,5.62453096434239,361.79982019269,61.8419816618636,82.5395015778557,177.096098499501,2.48021416534954,5.62453096434239,361.79982019269,61.8419816618636,23,177.096098499501,2.48021416534954,5.62453096434239
2026-04-30 10:58:23,51,loop_iteration,0,P2,,,,,,,,,,,,,307.761050796357,-19.749532860556,82.5395015778557,177.096098499501,2.48021416534954,5.62453096434239,307.761050796357,-19.749532860556,23,177.096098499501,2.48021416534954,5.62453096434239,300.256182725417,54.7774236764668,82.5395015778557,177.096098499501,2.48021416534954,5.62453096434239,300.256182725417,54.7774236764668,23,177.096098499501,2.48021416534954,5.62453096434239,361.79982019269,61.8419816618636,82.5395015778557,177.096098499501,2.48021416534954,5.62453096434239,361.79982019269,61.8419816618636,23,177.096098499501,2.48021416534954,5.62453096434239
2026-04-30 10:58:24,52,loop_iteration,0,P2,,,,,,,,,,,,,307.761050796357,-19.749532860556,82.5395015778557,177.096098499501,2.48021416534954,5.62453096434239,307.761050796357,-19.749532860556,23,177.096098499501,2.48021416534954,5.62453096434239,300.256182725417,54.7774236764668,82.5395015778557,177.096098499501,2.48021416534954,5.62453096434239,300.256182725417,54.7774236764668,23,177.096098499501,2.48021416534954,5.62453096434239,361.79982019269,61.8419816618636,82.5395015778557,177.096098499501,2.48021416534954,5.62453096434239,361.79982019269,61.8419816618636,23,177.096098499501,2.48021416534954,5.62453096434239
2026-04-30 10:58:24,53,loop_iteration,0,P2,,,,,,,,,,,,,307.761050796357,-19.749532860556,82.5395015778557,177.096098499501,2.48021416534954,5.62453096434239,307.761050796357,-19.749532860556,23,177.096098499501,2.48021416534954,5.62453096434239,300.256182725417,54.7774236764668,82.5395015778557,177.096098499501,2.48021416534954,5.62453096434239,300.256182725417,54.7774236764668,23,177.096098499501,2.48021416534954,5.62453096434239,361.79982019269,61.8419816618636,82.5395015778557,177.096098499501,2.48021416534954,5.62453096434239,361.79982019269,61.8419816618636,23,177.096098499501,2.48021416534954,5.62453096434239
2026-04-30 10:58:24,54,loop_iteration,0,P2,,,,,,,,,,,,,307.761050796357,-19.749532860556,82.5395015778557,177.096098499501,2.48021416534954,5.62453096434239,307.761050796357,-19.749532860556,23,177.096098499501,2.48021416534954,5.62453096434239,300.256182725417,54.7774236764668,82.5395015778557,177.096098499501,2.48021416534954,5.62453096434239,300.256182725417,54.7774236764668,23,177.096098499501,2.48021416534954,5.62453096434239,361.79982019269,61.8419816618636,82.5395015778557,177.096098499501,2.48021416534954,5.62453096434239,361.79982019269,61.8419816618636,23,177.096098499501,2.48021416534954,5.62453096434239
2026-04-30 10:58:25,55,loop_iteration,0,P2,,,,,,,,,,,,,307.761050796357,-19.749532860556,82.5395015778557,177.096098499501,2.48021416534954,5.62453096434239,307.761050796357,-19.749532860556,23,177.096098499501,2.48021416534954,5.62453096434239,300.256182725417,54.7774236764668,82.5395015778557,177.096098499501,2.48021416534954,5.62453096434239,300.256182725417,54.7774236764668,23,177.096098499501,2.48021416534954,5.62453096434239,361.79982019269,61.8419816618636,82.5395015778557,177.096098499501,2.48021416534954,5.62453096434239,361.79982019269,61.8419816618636,23,177.096098499501,2.48021416534954,5.62453096434239
2026-04-30 10:58:25,56,loop_iteration,0,P2,,,,,,,,,,,,,307.761050796357,-19.749532860556,82.5395015778557,177.096098499501,2.48021416534954,5.62453096434239,307.761050796357,-19.749532860556,23,177.096098499501,2.48021416534954,5.62453096434239,300.256182725417,54.7774236764668,82.5395015778557,177.096098499501,2.48021416534954,5.62453096434239,300.256182725417,54.7774236764668,23,177.096098499501,2.48021416534954,5.62453096434239,361.79982019269,61.8419816618636,82.5395015778557,177.096098499501,2.48021416534954,5.62453096434239,361.79982019269,61.8419816618636,23,177.096098499501,2.48021416534954,5.62453096434239
2026-04-30 10:58:36,57,loop_iteration,0,P2,300.256042480469,54.7875900268555,23.0026245117187,177.096527099609,2.48071026802063,5.62585163116455,,,,,,,307.761050796357,-19.749532860556,82.5395015778557,177.096098499501,2.48021416534954,5.62453096434239,307.761050796357,-19.749532860556,23,177.096098499501,2.48021416534954,5.62453096434239,300.256182725417,54.7774236764668,82.5395015778557,177.096098499501,2.48021416534954,5.62453096434239,300.256182725417,54.7774236764668,23,177.096098499501,2.48021416534954,5.62453096434239,361.79982019269,61.8419816618636,82.5395015778557,177.096098499501,2.48021416534954,5.62453096434239,361.79982019269,61.8419816618636,23,177.096098499501,2.48021416534954,5.62453096434239
2026-04-30 10:58:36,58,loop_iteration,0,P3,300.256042480469,54.7875900268555,23.0026245117187,177.096527099609,2.48071026802063,5.62585163116455,,,,,,,307.761050796357,-19.749532860556,82.5395015778557,177.096098499501,2.48021416534954,5.62453096434239,307.761050796357,-19.749532860556,23,177.096098499501,2.48021416534954,5.62453096434239,300.256182725417,54.7774236764668,82.5395015778557,177.096098499501,2.48021416534954,5.62453096434239,300.256182725417,54.7774236764668,23,177.096098499501,2.48021416534954,5.62453096434239,361.79982019269,61.8419816618636,82.5395015778557,177.096098499501,2.48021416534954,5.62453096434239,361.79982019269,61.8419816618636,23,177.096098499501,2.48021416534954,5.62453096434239
2026-04-30 10:58:36,59,loop_iteration,0,P3,300.256042480469,54.7875900268555,23.0026245117187,177.096527099609,2.48071026802063,5.62585163116455,,,,,,,307.761050796357,-19.749532860556,82.5395015778557,177.096098499501,2.48021416534954,5.62453096434239,307.761050796357,-19.749532860556,23,177.096098499501,2.48021416534954,5.62453096434239,300.256182725417,54.7774236764668,82.5395015778557,177.096098499501,2.48021416534954,5.62453096434239,300.256182725417,54.7774236764668,23,177.096098499501,2.48021416534954,5.62453096434239,361.79982019269,61.8419816618636,82.5395015778557,177.096098499501,2.48021416534954,5.62453096434239,361.79982019269,61.8419816618636,23,177.096098499501,2.48021416534954,5.62453096434239
2026-04-30 10:58:36,60,loop_iteration,0,P3,300.256042480469,54.7875900268555,23.0026245117187,177.096527099609,2.48071026802063,5.62585163116455,,,,,,,307.761050796357,-19.749532860556,82.5395015778557,177.096098499501,2.48021416534954,5.62453096434239,307.761050796357,-19.749532860556,23,177.096098499501,2.48021416534954,5.62453096434239,300.256182725417,54.7774236764668,82.5395015778557,177.096098499501,2.48021416534954,5.62453096434239,300.256182725417,54.7774236764668,23,177.096098499501,2.48021416534954,5.62453096434239,361.79982019269,61.8419816618636,82.5395015778557,177.096098499501,2.48021416534954,5.62453096434239,361.79982019269,61.8419816618636,23,177.096098499501,2.48021416534954,5.62453096434239
2026-04-30 10:58:36,61,loop_iteration,0,P3,300.258178710938,54.7846298217773,23.0027160644531,177.096008300781,2.4804060459137,5.6253023147583,,,,,,,307.761050796357,-19.749532860556,82.5395015778557,177.096098499501,2.48021416534954,5.62453096434239,307.761050796357,-19.749532860556,23,177.096098499501,2.48021416534954,5.62453096434239,300.256182725417,54.7774236764668,82.5395015778557,177.096098499501,2.48021416534954,5.62453096434239,300.256182725417,54.7774236764668,23,177.096098499501,2.48021416534954,5.62453096434239,361.79982019269,61.8419816618636,82.5395015778557,177.096098499501,2.48021416534954,5.62453096434239,361.79982019269,61.8419816618636,23,177.096098499501,2.48021416534954,5.62453096434239
2026-04-30 10:58:36,62,loop_iteration,0,P3,300.258178710938,54.7846298217773,23.0027160644531,177.096008300781,2.4804060459137,5.6253023147583,,,,,,,307.761050796357,-19.749532860556,82.5395015778557,177.096098499501,2.48021416534954,5.62453096434239,307.761050796357,-19.749532860556,23,177.096098499501,2.48021416534954,5.62453096434239,300.256182725417,54.7774236764668,82.5395015778557,177.096098499501,2.48021416534954,5.62453096434239,300.256182725417,54.7774236764668,23,177.096098499501,2.48021416534954,5.62453096434239,361.79982019269,61.8419816618636,82.5395015778557,177.096098499501,2.48021416534954,5.62453096434239,361.79982019269,61.8419816618636,23,177.096098499501,2.48021416534954,5.62453096434239
2026-04-30 10:58:36,63,loop_iteration,0,P3,300.259033203125,54.7852020263672,23.0010681152344,177.096115112305,2.48023986816406,5.62530565261841,,,,,,,307.761050796357,-19.749532860556,82.5395015778557,177.096098499501,2.48021416534954,5.62453096434239,307.761050796357,-19.749532860556,23,177.096098499501,2.48021416534954,5.62453096434239,300.256182725417,54.7774236764668,82.5395015778557,177.096098499501,2.48021416534954,5.62453096434239,300.256182725417,54.7774236764668,23,177.096098499501,2.48021416534954,5.62453096434239,361.79982019269,61.8419816618636,82.5395015778557,177.096098499501,2.48021416534954,5.62453096434239,361.79982019269,61.8419816618636,23,177.096098499501,2.48021416534954,5.62453096434239
2026-04-30 10:58:37,64,loop_iteration,0,P3,300.259033203125,54.7852020263672,23.0010681152344,177.096115112305,2.48023986816406,5.62530565261841,,,,,,,307.761050796357,-19.749532860556,82.5395015778557,177.096098499501,2.48021416534954,5.62453096434239,307.761050796357,-19.749532860556,23,177.096098499501,2.48021416534954,5.62453096434239,300.256182725417,54.7774236764668,82.5395015778557,177.096098499501,2.48021416534954,5.62453096434239,300.256182725417,54.7774236764668,23,177.096098499501,2.48021416534954,5.62453096434239,361.79982019269,61.8419816618636,82.5395015778557,177.096098499501,2.48021416534954,5.62453096434239,361.79982019269,61.8419816618636,23,177.096098499501,2.48021416534954,5.62453096434239
2026-04-30 10:58:37,65,loop_iteration,0,P3,300.259033203125,54.7852020263672,23.0010681152344,177.096115112305,2.48023986816406,5.62530565261841,,,,,,,307.761050796357,-19.749532860556,82.5395015778557,177.096098499501,2.48021416534954,5.62453096434239,307.761050796357,-19.749532860556,23,177.096098499501,2.48021416534954,5.62453096434239,300.256182725417,54.7774236764668,82.5395015778557,177.096098499501,2.48021416534954,5.62453096434239,300.256182725417,54.7774236764668,23,177.096098499501,2.48021416534954,5.62453096434239,361.79982019269,61.8419816618636,82.5395015778557,177.096098499501,2.48021416534954,5.62453096434239,361.79982019269,61.8419816618636,23,177.096098499501,2.48021416534954,5.62453096434239
2026-04-30 10:58:37,66,loop_iteration,0,P3,300.259033203125,54.7852020263672,23.0010681152344,177.096115112305,2.48023986816406,5.62530565261841,,,,,,,307.761050796357,-19.749532860556,82.5395015778557,177.096098499501,2.48021416534954,5.62453096434239,307.761050796357,-19.749532860556,23,177.096098499501,2.48021416534954,5.62453096434239,300.256182725417,54.7774236764668,82.5395015778557,177.096098499501,2.48021416534954,5.62453096434239,300.256182725417,54.7774236764668,23,177.096098499501,2.48021416534954,5.62453096434239,361.79982019269,61.8419816618636,82.5395015778557,177.096098499501,2.48021416534954,5.62453096434239,361.79982019269,61.8419816618636,23,177.096098499501,2.48021416534954,5.62453096434239
2026-04-30 10:58:38,67,loop_iteration,0,P3,,,,,,,,,,,,,307.761050796357,-19.749532860556,82.5395015778557,177.096098499501,2.48021416534954,5.62453096434239,307.761050796357,-19.749532860556,23,177.096098499501,2.48021416534954,5.62453096434239,300.256182725417,54.7774236764668,82.5395015778557,177.096098499501,2.48021416534954,5.62453096434239,300.256182725417,54.7774236764668,23,177.096098499501,2.48021416534954,5.62453096434239,361.79982019269,61.8419816618636,82.5395015778557,177.096098499501,2.48021416534954,5.62453096434239,361.79982019269,61.8419816618636,23,177.096098499501,2.48021416534954,5.62453096434239
2026-04-30 10:58:38,68,loop_iteration,0,P3,,,,,,,,,,,,,307.761050796357,-19.749532860556,82.5395015778557,177.096098499501,2.48021416534954,5.62453096434239,307.761050796357,-19.749532860556,23,177.096098499501,2.48021416534954,5.62453096434239,300.256182725417,54.7774236764668,82.5395015778557,177.096098499501,2.48021416534954,5.62453096434239,300.256182725417,54.7774236764668,23,177.096098499501,2.48021416534954,5.62453096434239,361.79982019269,61.8419816618636,82.5395015778557,177.096098499501,2.48021416534954,5.62453096434239,361.79982019269,61.8419816618636,23,177.096098499501,2.48021416534954,5.62453096434239
2026-04-30 10:58:41,69,loop_iteration,0,P3,361.833984375,61.8462257385254,23.0676879882812,177.100250244141,2.46959185600281,5.62312126159668,,,,,,,307.761050796357,-19.749532860556,82.5395015778557,177.096098499501,2.48021416534954,5.62453096434239,307.761050796357,-19.749532860556,23,177.096098499501,2.48021416534954,5.62453096434239,300.256182725417,54.7774236764668,82.5395015778557,177.096098499501,2.48021416534954,5.62453096434239,300.256182725417,54.7774236764668,23,177.096098499501,2.48021416534954,5.62453096434239,361.79982019269,61.8419816618636,82.5395015778557,177.096098499501,2.48021416534954,5.62453096434239,361.79982019269,61.8419816618636,23,177.096098499501,2.48021416534954,5.62453096434239
2026-04-30 10:58:41,70,loop_iteration,0,P3,361.815490722656,61.8351211547852,23.0542907714844,177.099273681641,2.47169208526611,5.62307643890381,,,,,,,307.761050796357,-19.749532860556,82.5395015778557,177.096098499501,2.48021416534954,5.62453096434239,307.761050796357,-19.749532860556,23,177.096098499501,2.48021416534954,5.62453096434239,300.256182725417,54.7774236764668,82.5395015778557,177.096098499501,2.48021416534954,5.62453096434239,300.256182725417,54.7774236764668,23,177.096098499501,2.48021416534954,5.62453096434239,361.79982019269,61.8419816618636,82.5395015778557,177.096098499501,2.48021416534954,5.62453096434239,361.79982019269,61.8419816618636,23,177.096098499501,2.48021416534954,5.62453096434239
2026-04-30 10:58:57,71,marker_update,1,P3,297.00537109375,-17.6800441741943,355.000183105469,177.760070800781,0.279250085353851,88.6782760620117,367.461205383324,-5.83704740622032,82.2857220437788,-2.29764983966388,-2.60832757770055,-84.2635471452079,307.790773287345,-19.6632256398825,82.2857220437788,177.389576646915,2.29526812148856,5.63183501878904,307.790773287345,-19.6632256398825,23,177.389576646915,2.29526812148856,5.63183501878904,300.302079411585,54.8838743668392,82.2857220437788,177.389576646915,2.29526812148856,5.63183501878904,300.302079411585,54.8838743668392,23,177.389576646915,2.29526812148856,5.63183501878904,361.853455700423,61.9573774489411,82.2857220437788,177.389576646915,2.29526812148856,5.63183501878904,361.853455700423,61.9573774489411,23,177.389576646915,2.29526812148856,5.63183501878904
2026-04-30 10:58:58,72,marker_update,1,P3,297.005035400391,-17.6840839385986,355.005401611328,177.758865356445,0.279323786497116,88.6782531738281,367.456468232777,-5.85683831142441,82.2863984293899,-2.10718765150205,-2.81524941298015,-84.2761600094759,307.848664640443,-19.7357909555401,82.2863984293899,177.182848664056,2.104643342585,5.62029762439189,307.848664640443,-19.7357909555401,23,177.182848664056,2.104643342585,5.62029762439189,300.377659526947,54.800204753849,82.2863984293899,177.182848664056,2.104643342585,5.62029762439189,300.377659526947,54.800204753849,23,177.182848664056,2.104643342585,5.62029762439189,361.938374876412,61.8619207083277,82.2863984293899,177.182848664056,2.104643342585,5.62029762439189,361.938374876412,61.8619207083277,23,177.182848664056,2.104643342585,5.62029762439189
2026-04-30 10:58:58,73,marker_update,1,P3,297.005126953125,-17.6822452545166,355.005401611328,177.758865356445,0.279323846101761,88.6786041259766,367.456487332568,-5.85456837711393,82.2863984153988,-2.10718765882193,-2.81524947213471,-84.275809056968,307.848768753274,-19.7338861530026,82.2863984153988,177.182848604848,2.10464334978914,5.62064857436595,307.848768753274,-19.7338861530026,23,177.182848604848,2.10464334978914,5.62064857436595,300.377307086694,54.8020637892298,82.2863984153988,177.182848604848,2.10464334978914,5.62064857436595,300.377307086694,54.8020637892298,23,177.182848604848,2.10464334978914,5.62064857436595,361.937979180028,61.864156817191,82.2863984153988,177.182848604848,2.10464334978914,5.62064857436595,361.937979180028,61.864156817191,23,177.182848604848,2.10464334978914,5.62064857436595
2026-04-30 10:58:59,74,marker_update,1,P3,297.005126953125,-17.6822452545166,355.005401611328,177.758865356445,0.279323846101761,88.6786041259766,367.456487332568,-5.85456837711393,82.2863984153988,-2.10718765882193,-2.81524947213471,-84.275809056968,307.848768753274,-19.7338861530026,82.2863984153988,177.182848604848,2.10464334978914,5.62064857436595,307.848768753274,-19.7338861530026,23,177.182848604848,2.10464334978914,5.62064857436595,300.377307086694,54.8020637892298,82.2863984153988,177.182848604848,2.10464334978914,5.62064857436595,300.377307086694,54.8020637892298,23,177.182848604848,2.10464334978914,5.62064857436595,361.937979180028,61.864156817191,82.2863984153988,177.182848604848,2.10464334978914,5.62064857436595,361.937979180028,61.864156817191,23,177.182848604848,2.10464334978914,5.62064857436595
2026-04-30 10:58:59,75,marker_update,1,P3,297.005126953125,-17.6822452545166,355.005401611328,177.758865356445,0.279323846101761,88.6786041259766,367.456487332568,-5.85456837711393,82.2863984153988,-2.10718765882193,-2.81524947213471,-84.275809056968,307.848768753274,-19.7338861530026,82.2863984153988,177.182848604848,2.10464334978914,5.62064857436595,307.848768753274,-19.7338861530026,23,177.182848604848,2.10464334978914,5.62064857436595,300.377307086694,54.8020637892298,82.2863984153988,177.182848604848,2.10464334978914,5.62064857436595,300.377307086694,54.8020637892298,23,177.182848604848,2.10464334978914,5.62064857436595,361.937979180028,61.864156817191,82.2863984153988,177.182848604848,2.10464334978914,5.62064857436595,361.937979180028,61.864156817191,23,177.182848604848,2.10464334978914,5.62064857436595
2026-04-30 10:58:59,76,marker_update,1,P3,297.005126953125,-17.6822452545166,355.005401611328,177.758865356445,0.279323846101761,88.6786041259766,367.490350627171,-5.82639998726747,82.6843848991661,-2.39498268491694,-3.45030778846569,-84.230601645847,307.823015319551,-19.9349413870333,82.6843848991661,176.546683006353,2.39063894407497,5.62517778776657,307.823015319551,-19.9349413870333,23,176.546683006353,2.39063894407497,5.62517778776657,300.297312591216,54.5498905740971,82.6843848991661,176.546683006353,2.39063894407497,5.62517778776657,300.297312591216,54.5498905740971,23,176.546683006353,2.39063894407497,5.62517778776657,361.844702763298,61.6149865390661,82.6843848991661,176.546683006353,2.39063894407497,5.62517778776657,361.844702763298,61.6149865390661,23,176.546683006353,2.39063894407497,5.62517778776657
